選手名,所属球団,試合,打席,打数,得点,安打,二塁打,三塁打,本塁打,塁打,打点,盗塁,盗塁刺,犠打,犠飛,四球,死球,三振,併殺打,打率,長打率,出塁率
甲斐　拓也,福岡ソフトバンク,119,392,344,34,88,25,0,5,128,43,1,1,14,2,31,1,89,6,0.256,0.372,0.317
小林　誠司,読　売,42,123,105,4,16,3,0,1,22,8,1,0,7,0,9,2,18,1,0.152,0.21,0.233
大城　卓三,読　売,96,321,283,19,72,17,0,3,98,27,0,0,0,4,31,3,62,3,0.254,0.346,0.33
岸田　行倫,読　売,88,298,269,22,65,10,1,4,89,26,2,2,9,2,14,4,43,11,0.242,0.331,0.287
郡　拓也,読　売,5,4,4,1,0,0,0,0,0,0,0,0,0,0,0,0,1,0,0.0,0.0,0.0
山瀬　慎之助,読　売,2,6,6,1,2,0,0,0,2,0,0,0,0,0,0,0,1,0,0.333,0.333,0.333
喜多　隆介,読　売,1,1,1,1,0,0,0,0,0,0,0,0,0,0,0,0,0,0,0.0,0.0,0.0
湯浅　大,読　売,19,7,6,2,1,0,0,0,1,2,0,1,1,0,0,0,2,0,0.167,0.167,0.167
増田　大輝,読　売,40,38,30,4,6,1,1,0,9,4,4,1,7,0,1,0,6,1,0.2,0.3,0.226
吉川　尚輝,読　売,143,602,536,65,154,25,4,5,202,46,12,5,13,6,41,6,61,8,0.287,0.377,0.341
門脇　誠,読　売,129,405,350,29,85,9,1,0,96,21,9,3,16,0,37,2,63,3,0.243,0.274,0.319
坂本　勇人,読　売,109,426,395,34,94,14,0,7,129,34,1,0,0,3,27,1,72,14,0.238,0.327,0.286
岡本　和真,読　売,143,611,535,70,150,37,0,27,268,83,1,1,0,5,66,5,97,5,0.28,0.501,0.362
泉口　友汰,読　売,66,185,164,10,33,6,1,1,44,9,1,0,3,0,18,0,24,2,0.201,0.268,0.28
中山　礼都,読　売,32,48,44,2,14,3,0,0,17,2,0,0,0,0,4,0,12,1,0.318,0.386,0.375
リチャード,福岡ソフトバンク,15,33,31,0,7,3,0,0,10,1,0,0,0,0,1,1,12,3,0.226,0.323,0.273
秋広　優人,読　売,26,48,46,5,12,1,0,0,13,1,1,0,0,0,2,0,12,1,0.261,0.283,0.292
増田　陸,読　売,4,6,5,0,0,0,0,0,0,0,0,0,0,0,0,1,1,1,0.0,0.0,0.167
長野　久義,読　売,54,98,89,5,23,3,1,0,28,14,1,1,0,0,9,0,25,2,0.258,0.315,0.327
丸　佳浩,読　売,138,595,525,51,146,18,1,14,208,45,8,4,0,2,65,3,93,9,0.278,0.396,0.36
萩尾　匡也,読　売,56,163,149,13,32,8,2,2,50,12,0,2,1,1,11,1,41,4,0.215,0.336,0.272
岡田　悠希,読　売,4,9,7,0,1,0,0,0,1,0,0,0,0,0,2,0,2,0,0.143,0.143,0.333
ヘルナンデス,読　売,56,240,221,34,65,11,0,8,100,30,0,1,0,1,15,3,58,8,0.294,0.452,0.346
重信　慎之介,読　売,33,18,15,6,1,0,0,0,1,0,6,1,0,0,3,0,6,0,0.067,0.067,0.222
佐々木　俊輔,読　売,59,156,143,13,33,5,1,0,40,6,2,1,3,1,9,0,44,3,0.231,0.28,0.275
オコエ　瑠偉,読　売,68,157,138,16,36,9,0,3,54,13,4,0,8,1,9,1,35,3,0.261,0.391,0.309
浅野　翔吾,読　売,40,158,146,18,35,11,2,3,59,18,1,0,2,1,7,2,27,2,0.24,0.404,0.282
若林　楽人,埼玉西武,19,66,62,3,8,0,0,3,17,5,2,1,2,0,1,1,12,4,0.129,0.274,0.156
若林　楽人,読　売,27,44,42,3,9,1,1,1,15,7,1,0,0,0,1,1,11,0,0.214,0.357,0.25
嶺井　博希,福岡ソフトバンク,4,6,6,2,3,0,0,1,6,3,0,0,0,0,0,0,1,0,0.5,1.0,0.5
谷川原　健太,福岡ソフトバンク,4,10,9,3,4,1,1,0,7,2,0,0,0,0,0,1,2,0,0.444,0.778,0.5
石塚　綜一郎,福岡ソフトバンク,15,40,31,2,6,0,0,1,9,6,0,0,0,1,3,4,10,0,0.194,0.29,0.333
海野　隆司,福岡ソフトバンク,51,120,104,10,18,5,0,2,29,10,0,0,9,0,6,1,30,3,0.173,0.279,0.225
川瀬　晃,福岡ソフトバンク,105,156,138,17,36,2,2,0,42,7,2,2,10,1,7,0,24,0,0.261,0.304,0.295
ダウンズ,福岡ソフトバンク,7,26,22,3,6,0,0,1,9,2,1,0,0,0,2,2,1,0,0.273,0.409,0.385
山川　穂高,福岡ソフトバンク,143,611,550,66,136,26,1,34,266,99,0,0,0,3,48,10,158,17,0.247,0.484,0.318
今宮　健太,福岡ソフトバンク,133,538,462,60,121,25,4,6,172,39,1,0,25,2,46,3,87,9,0.262,0.372,0.331
牧原　大成,福岡ソフトバンク,78,259,240,26,68,7,4,2,89,13,6,4,9,1,8,1,41,2,0.283,0.371,0.308
周東　佑京,福岡ソフトバンク,123,477,428,63,115,15,5,2,146,26,41,13,10,3,26,10,90,4,0.269,0.341,0.323
栗原　陵矢,福岡ソフトバンク,140,598,527,74,144,40,2,20,248,87,2,1,10,7,49,5,99,10,0.273,0.471,0.337
廣瀨　隆太,福岡ソフトバンク,35,111,103,9,24,4,0,2,34,9,0,1,0,1,5,2,17,6,0.233,0.33,0.279
井上　朋也,福岡ソフトバンク,5,10,10,0,0,0,0,0,0,0,0,0,0,0,0,0,5,0,0.0,0.0,0.0
リチャード,福岡ソフトバンク,15,33,31,0,7,3,0,0,10,1,0,0,0,0,1,1,12,3,0.226,0.323,0.273
秋広　優人,読　売,26,48,46,5,12,1,0,0,13,1,1,0,0,0,2,0,12,1,0.261,0.283,0.292
野村　勇,福岡ソフトバンク,38,50,43,9,5,0,0,0,5,1,4,0,1,0,6,0,18,1,0.116,0.116,0.224
近藤　健介,福岡ソフトバンク,129,535,436,66,137,29,2,19,227,72,11,1,0,1,92,6,76,10,0.314,0.521,0.439
中村　晃,福岡ソフトバンク,101,203,181,15,40,4,0,0,44,16,0,1,1,1,19,1,24,6,0.221,0.243,0.297
柳田　悠岐,福岡ソフトバンク,52,225,185,31,53,7,1,4,74,35,3,0,0,2,35,3,36,2,0.286,0.4,0.404
佐藤　直樹,福岡ソフトバンク,44,93,84,7,16,3,1,0,21,6,3,3,1,1,4,3,30,0,0.19,0.25,0.25
正木　智也,福岡ソフトバンク,80,282,263,21,71,21,0,7,113,29,1,0,1,2,11,5,65,4,0.27,0.43,0.31
柳町　達,福岡ソフトバンク,73,237,216,26,58,11,5,4,91,40,1,0,4,2,14,1,65,4,0.269,0.421,0.313
笹川　吉康,福岡ソフトバンク,7,21,21,3,6,0,0,1,9,2,2,1,0,0,0,0,6,0,0.286,0.429,0.286
緒方　理貢,福岡ソフトバンク,86,62,52,19,9,1,1,0,12,4,4,1,3,0,7,0,10,2,0.173,0.231,0.271
川村　友斗,福岡ソフトバンク,88,140,123,27,33,8,2,1,48,14,3,1,3,1,10,3,43,1,0.268,0.39,0.336
梅野　隆太郎,阪　神,95,318,268,18,56,9,0,0,65,15,0,1,17,2,30,1,84,6,0.209,0.243,0.289
坂本　誠志郎,阪　神,64,218,193,11,43,3,0,0,46,12,0,0,10,1,12,2,38,6,0.223,0.238,0.274
榮枝　裕貴,阪　神,1,0,0,0,0,0,0,0,0,0,0,0,0,0,0,0,0,0,0.0,0.0,0.0
長坂　拳弥,阪　神,5,4,3,0,0,0,0,0,0,0,0,0,1,0,0,0,2,0,0.0,0.0,0.0
木浪　聖也,阪　神,116,409,359,27,77,13,1,1,95,35,1,0,13,1,32,4,64,17,0.214,0.265,0.285
大山　悠輔,阪　神,130,545,483,63,125,18,0,14,185,68,0,4,0,3,52,7,88,19,0.259,0.383,0.338
熊谷　敬宥,阪　神,32,9,8,2,1,0,0,0,1,0,1,1,1,0,0,0,2,0,0.125,0.125,0.125
佐藤　輝明,阪　神,120,496,451,58,121,21,4,16,198,70,0,2,0,4,36,5,133,11,0.268,0.439,0.327
渡邉　諒,阪　神,67,137,123,7,32,5,0,2,43,11,0,1,0,2,11,1,34,2,0.26,0.35,0.321
糸原　健斗,阪　神,89,128,111,8,24,2,0,0,26,9,0,0,0,1,15,1,20,3,0.216,0.234,0.313
小幡　竜平,阪　神,50,135,116,12,28,3,1,1,36,9,2,3,7,0,12,0,27,1,0.241,0.31,0.313
中野　拓夢,阪　神,143,634,547,63,127,20,2,1,154,32,6,7,35,1,46,5,97,10,0.232,0.282,0.297
植田　海,阪　神,59,11,11,11,3,0,1,0,5,3,4,1,0,0,0,0,3,0,0.273,0.455,0.273
原口　文仁,阪　神,52,65,58,5,14,1,0,2,21,9,1,0,0,0,5,2,14,0,0.241,0.362,0.323
森下　翔太,阪　神,129,526,458,64,126,24,2,16,202,73,0,2,0,3,53,12,78,13,0.275,0.441,0.363
近本　光司,阪　神,141,639,562,71,160,16,5,6,204,45,19,9,0,4,68,5,93,7,0.285,0.363,0.365
井上　広大,阪　神,23,55,52,5,11,2,0,3,22,8,1,1,0,0,3,0,20,0,0.212,0.423,0.255
島田　海吏,阪　神,62,94,80,8,22,2,0,0,24,2,5,3,3,0,10,1,16,2,0.275,0.3,0.363
楠本　泰史,横浜DeNA,18,31,29,0,5,1,0,0,6,5,0,0,0,0,1,1,5,0,0.172,0.207,0.226
前川　右京,阪　神,116,362,324,25,87,16,0,4,115,42,0,0,0,1,27,10,50,7,0.269,0.355,0.343
小野寺　暖,阪　神,25,29,27,3,4,0,1,0,6,0,0,0,1,0,0,1,10,0,0.148,0.222,0.179
豊田　寛,阪　神,11,19,19,1,4,1,0,0,5,0,0,0,0,0,0,0,5,2,0.211,0.263,0.211
野口　恭佑,阪　神,26,61,53,6,10,0,0,0,10,5,0,0,0,1,5,2,12,1,0.189,0.189,0.279
マルティネス,北海道日本ハム,126,459,393,42,92,20,4,13,159,57,2,1,0,4,51,11,101,12,0.234,0.405,0.336
清水　優心,北海道日本ハム,12,15,14,1,2,1,0,0,3,1,0,0,1,0,0,0,5,0,0.143,0.214,0.143
伏見　寅威,北海道日本ハム,62,184,165,9,40,5,0,0,45,21,0,0,12,1,4,2,26,3,0.242,0.273,0.267
古川　裕大,北海道日本ハム,1,3,2,0,0,0,0,0,0,0,0,0,0,0,1,0,2,0,0.0,0.0,0.333
郡司　裕也,北海道日本ハム,127,495,441,52,113,14,0,12,163,49,2,2,6,4,40,4,71,6,0.256,0.37,0.321
進藤　勇也,北海道日本ハム,2,3,3,0,0,0,0,0,0,0,0,0,0,0,0,0,2,0,0.0,0.0,0.0
吉田　賢吾,福岡ソフトバンク,10,27,26,2,5,0,0,0,5,2,0,0,0,1,0,0,4,0,0.192,0.192,0.185
田宮　裕涼,北海道日本ハム,109,349,307,28,85,12,2,3,110,30,10,4,11,3,21,7,71,10,0.277,0.358,0.334
梅林　優貴,北海道日本ハム,3,5,4,0,0,0,0,0,0,0,0,0,1,0,0,0,3,0,0.0,0.0,0.0
上川畑　大悟,北海道日本ハム,106,305,258,25,64,4,2,1,75,16,5,0,18,1,22,6,40,4,0.248,0.291,0.321
野村　佑希,北海道日本ハム,56,152,143,8,30,7,1,2,45,9,2,0,0,1,7,1,28,4,0.21,0.315,0.25
中島　卓也,北海道日本ハム,46,41,39,12,8,1,0,0,9,2,4,4,0,0,2,0,9,0,0.205,0.231,0.244
清宮　幸太郎,北海道日本ハム,89,329,290,43,87,18,1,15,152,51,1,3,0,3,31,5,62,5,0.3,0.524,0.374
石井　一成,北海道日本ハム,68,219,197,20,46,11,1,4,71,18,2,3,9,0,12,1,42,2,0.234,0.36,0.281
水野　達稀,北海道日本ハム,105,359,332,30,73,8,8,7,118,37,9,5,12,1,13,1,81,2,0.22,0.355,0.251
細川　凌平,北海道日本ハム,51,64,54,4,12,1,0,0,13,5,3,1,4,2,4,0,11,0,0.222,0.241,0.267
奈良間　大己,北海道日本ハム,90,150,139,10,25,4,0,0,29,7,2,0,8,1,2,0,39,2,0.18,0.209,0.19
松本　剛,北海道日本ハム,127,486,437,46,103,18,1,1,126,19,20,8,17,4,24,4,52,17,0.236,0.288,0.279
淺間　大基,北海道日本ハム,49,126,109,16,30,4,1,1,39,11,4,2,4,2,9,2,35,0,0.275,0.358,0.336
宮崎　一樹,北海道日本ハム,4,6,5,0,1,0,0,0,1,0,0,0,0,0,1,0,2,0,0.2,0.2,0.333
五十幡　亮汰,北海道日本ハム,94,127,112,38,18,2,1,0,22,3,18,9,8,0,6,1,34,1,0.161,0.196,0.21
水谷　瞬,北海道日本ハム,97,353,327,41,94,18,3,9,145,39,4,1,1,1,21,3,79,3,0.287,0.443,0.335
今川　優馬,北海道日本ハム,6,19,19,1,4,1,0,0,5,0,0,2,0,0,0,0,5,0,0.211,0.263,0.211
万波　中正,北海道日本ハム,136,556,508,60,128,34,0,18,216,60,2,3,1,3,39,5,120,13,0.252,0.425,0.31
レイエス,北海道日本ハム,103,368,335,39,97,15,1,25,189,65,0,0,0,2,31,0,90,9,0.29,0.564,0.348
木下　拓哉,中　日,74,203,180,11,41,4,0,3,54,9,0,0,14,0,9,0,26,9,0.228,0.3,0.265
宇佐見　真吾,中　日,61,164,152,7,46,8,0,3,63,17,0,0,1,2,9,0,38,5,0.303,0.414,0.337
味谷　大誠,中　日,3,1,1,0,0,0,0,0,0,0,0,0,0,0,0,0,0,0,0.0,0.0,0.0
加藤　匠馬,中　日,86,133,123,5,21,3,2,0,28,5,0,0,8,0,2,0,41,4,0.171,0.228,0.184
山浅　龍之介,中　日,3,0,0,0,0,0,0,0,0,0,0,0,0,0,0,0,0,0,0.0,0.0,0.0
石橋　康太,中　日,11,29,24,1,5,2,0,0,7,3,0,0,3,1,1,0,7,1,0.208,0.292,0.231
辻本　倫太郎,中　日,13,20,18,0,3,0,0,0,3,0,0,0,1,0,1,0,0,1,0.167,0.167,0.211
田中　幹也,中　日,112,343,313,26,70,8,2,2,88,23,5,1,10,0,20,0,46,3,0.224,0.281,0.27
高橋　周平,中　日,60,190,173,8,45,6,0,2,57,16,0,1,3,0,13,1,40,7,0.26,0.329,0.316
カリステ,中　日,114,393,372,30,97,11,1,7,131,36,2,2,3,3,15,0,67,9,0.261,0.352,0.287
村松　開人,中　日,109,418,371,35,102,14,3,1,125,25,3,4,14,3,26,4,81,7,0.275,0.337,0.327
中田　翔,中　日,62,225,212,15,46,10,0,4,68,21,0,0,0,3,9,1,34,9,0.217,0.321,0.249
福永　裕基,中　日,111,402,363,40,111,22,2,6,155,32,9,3,4,2,27,6,82,4,0.306,0.427,0.362
石川　昂弥,中　日,82,275,254,17,69,16,0,4,97,25,0,0,0,2,17,2,37,9,0.272,0.382,0.32
土田　龍空,中　日,17,45,44,1,7,1,0,0,8,2,1,0,0,0,1,0,11,0,0.159,0.182,0.178
山本　泰寛,中　日,79,179,156,14,39,3,0,1,45,9,1,1,6,2,15,0,33,1,0.25,0.288,0.312
板山　祐太郎,中　日,65,194,178,11,42,4,3,3,61,13,1,1,1,1,14,0,36,9,0.236,0.343,0.29
ロドリゲス,中　日,23,59,54,3,7,0,0,0,7,1,0,0,3,0,2,0,16,0,0.13,0.13,0.161
樋口　正修,中　日,6,1,1,0,0,0,0,0,0,0,1,0,0,0,0,0,1,0,0.0,0.0,0.0
尾田　剛樹,中　日,65,12,11,8,0,0,0,0,0,0,4,5,1,0,0,0,4,0,0.0,0.0,0.0
岡林　勇希,中　日,123,460,425,34,109,10,3,0,125,12,10,7,6,0,29,0,62,2,0.256,0.294,0.304
大島　洋平,中　日,75,125,116,7,23,6,0,0,29,5,1,1,0,0,9,0,11,0,0.198,0.25,0.256
ブライト　健太,中　日,35,51,46,3,11,0,0,2,17,3,0,0,0,0,5,0,16,0,0.239,0.37,0.314
川越　誠司,中　日,27,75,71,4,19,3,0,2,28,7,0,0,0,0,4,0,17,2,0.268,0.394,0.307
上林　誠知,中　日,46,102,94,6,18,1,1,1,24,3,0,0,1,0,7,0,22,0,0.191,0.255,0.248
駿太,中　日,29,35,32,1,4,0,0,0,4,1,0,0,1,0,2,0,9,0,0.125,0.125,0.176
細川　成也,中　日,143,600,534,59,156,30,0,23,255,67,0,1,0,1,60,5,159,13,0.292,0.478,0.368
鵜飼　航丞,中　日,12,27,27,1,5,2,0,0,7,3,0,0,0,0,0,0,10,1,0.185,0.259,0.185
松川　虎生,千葉ロッテ,2,4,4,0,1,0,0,0,1,0,0,0,0,0,0,0,3,0,0.25,0.25,0.25
田村　龍弘,千葉ロッテ,51,160,140,11,28,10,0,0,38,14,0,0,4,2,14,0,27,2,0.2,0.271,0.269
佐藤　都志也,千葉ロッテ,116,452,410,41,114,20,0,5,149,45,4,1,4,6,29,3,51,10,0.278,0.363,0.326
柿沼　友哉,千葉ロッテ,3,3,3,0,0,0,0,0,0,0,0,0,0,0,0,0,2,0,0.0,0.0,0.0
寺地　隆成,千葉ロッテ,2,7,7,0,1,1,0,0,2,0,0,0,0,0,0,0,4,0,0.143,0.286,0.143
池田　来翔,千葉ロッテ,21,46,45,2,5,2,0,0,7,1,0,0,0,0,1,0,7,2,0.111,0.156,0.13
友杉　篤輝,千葉ロッテ,125,393,355,33,73,10,0,0,83,15,11,2,19,2,17,0,52,5,0.206,0.234,0.241
安田　尚憲,千葉ロッテ,55,174,158,14,36,13,0,0,49,15,0,0,0,3,13,0,48,4,0.228,0.31,0.282
藤岡　裕大,千葉ロッテ,90,369,312,31,80,13,1,5,110,29,0,0,7,2,46,2,58,4,0.256,0.353,0.354
中村　奨吾,千葉ロッテ,120,433,376,36,88,18,0,4,118,27,2,2,11,0,41,5,75,15,0.234,0.314,0.318
上田　希由翔,千葉ロッテ,21,64,58,3,15,3,0,0,18,7,0,0,1,1,2,2,9,0,0.259,0.31,0.302
大下　誠一郎,千葉ロッテ,22,22,20,1,3,1,0,0,4,1,0,0,1,0,1,0,4,0,0.15,0.2,0.19
石垣　雅海,中　日,9,10,10,0,2,1,0,0,3,0,1,0,0,0,0,0,0,0,0.2,0.3,0.2
小川　龍成,千葉ロッテ,119,313,261,33,63,2,0,0,65,21,10,1,20,2,30,0,52,2,0.241,0.249,0.317
茶谷　健太,千葉ロッテ,88,76,72,5,12,1,0,0,13,4,0,0,2,1,1,0,18,1,0.167,0.181,0.176
ソト,千葉ロッテ,132,542,491,43,132,22,2,21,221,88,0,0,0,4,42,5,136,19,0.269,0.45,0.33
荻野　貴司,千葉ロッテ,80,213,197,25,55,6,1,1,66,15,0,0,4,0,10,2,15,6,0.279,0.335,0.321
藤原　恭大,千葉ロッテ,74,264,231,30,67,8,4,2,89,21,4,1,3,2,25,3,39,2,0.29,0.385,0.364
角中　勝也,千葉ロッテ,84,217,189,21,53,12,2,3,78,20,0,0,1,2,24,1,37,4,0.28,0.413,0.361
ポランコ,千葉ロッテ,118,468,416,47,101,21,0,23,191,60,0,0,0,4,46,2,86,5,0.243,0.459,0.318
石川　慎吾,千葉ロッテ,33,93,90,2,19,3,0,1,25,5,0,0,0,0,3,0,19,3,0.211,0.278,0.237
岡　大海,千葉ロッテ,103,420,362,52,104,28,2,7,157,33,11,3,4,3,44,7,64,9,0.287,0.434,0.373
髙部　瑛斗,千葉ロッテ,76,287,260,37,78,12,3,1,99,23,10,4,5,2,19,1,43,3,0.3,0.381,0.348
愛斗,千葉ロッテ,52,76,69,4,13,2,0,0,15,3,0,0,2,0,4,1,14,3,0.188,0.217,0.243
山口　航輝,千葉ロッテ,51,181,170,10,34,8,0,2,48,13,1,0,0,0,10,1,30,6,0.2,0.282,0.249
山本　大斗,千葉ロッテ,5,19,18,0,2,1,0,0,3,0,0,0,0,0,1,0,4,0,0.111,0.167,0.158
和田　康士朗,千葉ロッテ,88,71,60,12,9,0,0,0,9,8,11,0,3,1,6,1,13,0,0.15,0.15,0.235
會澤　翼,広島東洋,57,159,150,9,28,6,0,0,34,13,0,0,0,0,7,2,43,6,0.187,0.227,0.233
坂倉　将吾,広島東洋,121,462,427,43,119,19,1,12,176,44,3,2,1,2,31,1,80,7,0.279,0.412,0.328
石原　貴規,広島東洋,56,139,122,11,28,6,0,3,43,11,0,0,5,2,5,5,22,1,0.23,0.352,0.284
磯村　嘉孝,広島東洋,10,10,9,0,0,0,0,0,0,0,0,0,0,0,1,0,4,0,0.0,0.0,0.1
羽月　隆太郎,広島東洋,53,25,22,12,5,1,0,0,6,1,12,7,2,0,1,0,8,0,0.227,0.273,0.261
上本　崇司,広島東洋,62,146,129,16,27,2,0,0,29,7,0,2,9,0,4,4,24,3,0.209,0.225,0.255
田中　広輔,広島東洋,66,108,96,5,15,2,0,2,23,7,1,1,0,2,9,1,26,2,0.156,0.24,0.231
矢野　雅哉,広島東洋,137,495,430,45,112,13,6,2,143,38,13,10,20,4,38,3,109,8,0.26,0.333,0.322
小園　海斗,広島東洋,143,588,540,52,151,15,3,2,178,61,13,9,7,5,30,6,53,6,0.28,0.33,0.322
堂林　翔太,広島東洋,87,273,244,15,56,13,0,1,72,17,0,2,9,3,16,1,67,4,0.23,0.295,0.277
菊池　涼介,広島東洋,136,497,453,27,109,19,0,9,155,38,2,2,17,1,25,1,69,9,0.241,0.342,0.281
林　晃汰,広島東洋,27,64,60,4,11,4,0,0,15,2,0,0,0,0,4,0,20,3,0.183,0.25,0.234
韮澤　雄也,広島東洋,11,15,15,1,2,0,0,0,2,0,0,0,0,0,0,0,2,1,0.133,0.133,0.133
仲田　侑仁,広島東洋,1,4,4,1,1,0,0,0,1,0,0,0,0,0,0,0,1,0,0.25,0.25,0.25
内田　湘大,広島東洋,1,3,3,0,1,0,0,0,1,0,0,0,0,0,0,0,0,0,0.333,0.333,0.333
山足　達也,オリックス,43,18,15,5,2,0,0,0,2,0,2,0,0,0,3,0,3,0,0.133,0.133,0.278
佐藤　啓介,広島東洋,7,17,15,1,2,0,0,0,2,0,0,0,0,0,2,0,3,0,0.133,0.133,0.235
二俣　翔一,広島東洋,80,122,107,7,21,4,0,1,28,7,1,0,6,0,8,1,26,3,0.196,0.262,0.259
秋山　翔吾,広島東洋,138,587,547,60,158,20,1,4,192,30,6,5,2,4,29,5,96,6,0.289,0.351,0.328
野間　峻祥,広島東洋,113,443,391,40,106,14,5,1,133,28,8,5,3,1,43,5,52,9,0.271,0.34,0.35
宇草　孔基,広島東洋,41,75,66,10,16,2,0,3,27,8,3,1,3,0,4,2,22,1,0.242,0.409,0.306
中村　健人,広島東洋,12,24,24,1,2,0,0,1,5,2,0,0,0,0,0,0,8,0,0.083,0.208,0.083
末包　昇大,広島東洋,79,304,286,22,68,14,0,9,109,37,1,2,0,0,12,6,85,6,0.238,0.381,0.283
松山　竜平,広島東洋,65,78,73,2,13,4,0,1,20,10,0,0,0,1,4,0,12,5,0.178,0.274,0.218
久保　修,広島東洋,19,18,17,1,1,0,0,0,1,0,0,0,0,0,0,1,8,0,0.059,0.059,0.111
大盛　穂,広島東洋,74,35,31,7,7,2,0,0,9,4,2,1,2,0,2,0,10,0,0.226,0.29,0.273
田村　俊介,広島東洋,37,106,101,4,20,3,2,0,27,5,1,1,1,0,3,1,27,2,0.198,0.267,0.229
中村　奨成,広島東洋,30,70,69,4,10,2,0,0,12,1,0,1,0,0,1,0,13,1,0.145,0.174,0.157
中村　貴浩,広島東洋,11,25,24,4,5,0,0,0,5,3,0,0,1,0,0,0,5,1,0.208,0.208,0.208
太田　光,東北楽天,94,269,230,23,45,10,3,2,67,23,2,0,23,1,13,2,58,1,0.196,0.291,0.244
田中　貴也,東北楽天,17,12,10,0,1,0,0,0,1,0,0,0,0,0,2,0,4,1,0.1,0.1,0.25
安田　悠馬,東北楽天,34,128,122,12,32,6,0,2,44,9,0,0,0,0,6,0,38,1,0.262,0.361,0.297
堀内　謙伍,東北楽天,4,6,6,0,0,0,0,0,0,0,0,0,0,0,0,0,1,0,0.0,0.0,0.0
石原　彪,東北楽天,68,172,146,9,25,5,0,4,42,13,0,0,13,0,13,0,50,4,0.171,0.288,0.239
小深田　大翔,東北楽天,134,522,450,50,103,9,4,3,129,23,29,10,25,3,42,2,84,5,0.229,0.287,0.296
浅村　栄斗,東北楽天,143,552,471,51,119,19,0,14,180,60,1,2,0,9,68,4,101,12,0.253,0.382,0.346
阿部　寿樹,東北楽天,78,254,229,19,52,13,2,9,96,32,0,2,4,0,20,1,54,3,0.227,0.419,0.292
村林　一輝,東北楽天,139,571,518,51,125,13,3,6,162,50,5,1,23,7,21,2,91,11,0.241,0.313,0.27
鈴木　大地,東北楽天,123,460,406,41,108,11,5,4,141,41,0,0,15,3,23,13,43,4,0.266,0.347,0.324
フランコ,東北楽天,68,243,229,20,50,5,0,8,79,30,0,0,0,3,9,2,49,7,0.218,0.345,0.251
黒川　史陽,東北楽天,22,60,56,8,13,1,0,1,17,8,0,0,0,0,4,0,12,2,0.232,0.304,0.283
山﨑　剛,東北楽天,5,6,6,1,0,0,0,0,0,0,0,0,0,0,0,0,1,0,0.0,0.0,0.0
伊藤　裕季也,東北楽天,44,125,115,10,30,6,1,2,44,10,0,1,4,0,5,1,34,2,0.261,0.383,0.298
山田　遥楓,東北楽天,25,27,25,2,4,2,0,0,6,1,0,0,0,0,2,0,10,0,0.16,0.24,0.222
渡邊　佳明,東北楽天,47,154,136,9,34,2,0,0,36,11,0,0,5,2,11,0,26,3,0.25,0.265,0.302
入江　大樹,東北楽天,5,14,12,2,5,0,0,0,5,0,0,0,1,0,1,0,3,0,0.417,0.417,0.462
小森　航大郎,東京ヤクルト,4,5,5,0,0,0,0,0,0,0,0,0,0,0,0,0,0,0,0.0,0.0,0.0
辰己　涼介,東北楽天,143,597,537,68,158,22,12,7,225,58,20,2,2,6,44,8,108,10,0.294,0.419,0.353
田中　和基,東北楽天,68,34,31,8,4,1,0,0,5,1,0,0,3,0,0,0,9,0,0.129,0.161,0.129
岡島　豪郎,東北楽天,31,93,80,6,16,1,1,1,22,6,0,1,1,0,11,1,15,3,0.2,0.275,0.304
中島　大輔,東北楽天,37,128,123,18,28,8,1,1,41,10,1,0,0,0,2,3,21,2,0.228,0.333,0.258
島内　宏明,東北楽天,40,154,131,8,28,3,1,0,33,12,0,0,0,3,16,3,16,4,0.214,0.252,0.307
武藤　敦貴,東北楽天,7,5,5,0,1,0,0,0,1,0,0,1,0,0,0,0,2,0,0.2,0.2,0.2
小郷　裕哉,東北楽天,143,642,565,64,145,24,6,7,202,49,32,5,1,5,68,3,120,6,0.257,0.358,0.337
平良　竜哉,東北楽天,18,24,21,4,3,0,0,0,3,3,0,1,1,0,2,0,3,0,0.143,0.143,0.217
辰見　鴻之介,東北楽天,2,3,3,1,0,0,0,0,0,0,0,0,0,0,0,0,2,0,0.0,0.0,0.0
中村　悠平,東京ヤクルト,96,353,291,16,69,9,0,0,78,23,0,0,26,2,30,4,54,7,0.237,0.268,0.315
松本　直樹,東京ヤクルト,60,142,134,5,36,7,0,1,46,11,1,0,3,1,4,0,18,3,0.269,0.343,0.288
内山　壮真,東京ヤクルト,24,54,52,2,10,1,0,0,11,3,1,0,0,0,1,1,13,2,0.192,0.212,0.222
鈴木　叶,東京ヤクルト,2,4,4,0,2,0,0,0,2,2,0,0,0,0,0,0,1,0,0.5,0.5,0.5
橋本　星哉,東京ヤクルト,1,1,1,0,0,0,0,0,0,0,0,0,0,0,0,0,1,0,0.0,0.0,0.0
赤羽　由紘,東京ヤクルト,36,65,58,4,14,2,0,2,22,6,4,0,4,1,1,1,16,0,0.241,0.379,0.262
山田　哲人,東京ヤクルト,110,385,340,38,77,14,1,14,135,39,1,0,0,4,36,5,86,6,0.226,0.397,0.306
川端　慎吾,東京ヤクルト,61,61,58,1,13,0,0,0,13,6,0,0,0,0,2,1,9,1,0.224,0.224,0.262
長岡　秀樹,東京ヤクルト,143,611,566,63,163,25,1,6,208,58,4,1,10,3,29,3,70,6,0.288,0.367,0.324
茂木　栄五郎,東北楽天,46,75,68,6,18,4,1,1,27,8,0,0,1,1,5,0,13,0,0.265,0.397,0.311
宮本　丈,東京ヤクルト,60,164,147,12,38,3,0,0,41,6,1,0,4,1,11,1,25,3,0.259,0.279,0.313
オスナ,東京ヤクルト,141,585,539,54,144,28,0,17,223,72,0,3,0,3,40,3,91,24,0.267,0.414,0.32
山野辺　翔,埼玉西武,50,90,80,10,17,3,1,0,22,0,6,1,5,0,5,0,17,1,0.213,0.275,0.259
北村　拓己,東京ヤクルト,48,49,40,2,5,0,0,1,8,4,2,1,1,2,5,1,8,2,0.125,0.2,0.229
村上　宗隆,東京ヤクルト,143,610,500,82,122,13,1,33,236,86,10,5,0,1,105,4,180,6,0.244,0.472,0.379
武岡　龍世,東京ヤクルト,76,147,130,16,23,2,1,3,36,9,1,0,6,1,10,0,33,2,0.177,0.277,0.234
伊藤　琉偉,東京ヤクルト,6,1,1,0,0,0,0,0,0,0,0,0,0,0,0,0,1,0,0.0,0.0,0.0
並木　秀尊,東京ヤクルト,33,49,43,15,10,1,0,1,14,5,10,0,5,0,1,0,7,4,0.233,0.326,0.25
西川　遥輝,東京ヤクルト,113,363,308,43,80,13,2,1,100,24,10,2,3,6,40,6,51,3,0.26,0.325,0.35
丸山　和郁,東京ヤクルト,96,296,253,30,61,7,1,0,70,12,4,2,17,0,24,2,49,2,0.241,0.277,0.312
塩見　泰隆,東京ヤクルト,31,113,101,15,27,3,0,3,39,8,3,0,0,1,9,2,16,1,0.267,0.386,0.336
サンタナ,東京ヤクルト,122,484,419,57,132,29,0,17,212,70,2,1,0,4,57,4,101,8,0.315,0.506,0.399
澤井　廉,東京ヤクルト,12,27,25,1,4,0,0,1,7,4,0,0,1,0,0,1,12,0,0.16,0.28,0.192
太田　賢吾,東京ヤクルト,18,50,49,5,10,1,1,0,13,5,0,0,0,0,1,0,14,0,0.204,0.265,0.22
濱田　太貴,東京ヤクルト,10,28,26,0,2,0,0,0,2,1,0,0,1,0,1,0,8,1,0.077,0.077,0.111
増田　珠,東京ヤクルト,52,102,92,8,19,4,0,2,29,6,0,1,4,0,5,1,22,2,0.207,0.315,0.255
岩田　幸宏,東京ヤクルト,81,140,123,19,28,2,0,1,33,7,10,0,9,0,6,2,22,2,0.228,0.268,0.275
若月　健矢,オリックス,96,299,264,13,53,9,1,3,73,18,0,1,19,3,10,3,59,8,0.201,0.277,0.236
森　友哉,オリックス,117,457,395,46,111,24,1,9,164,46,6,1,0,5,50,7,61,4,0.281,0.415,0.368
福永　奨,オリックス,11,23,22,1,4,0,0,0,4,0,0,0,0,0,1,0,6,1,0.182,0.182,0.217
石川　亮,オリックス,13,8,7,0,1,1,0,0,2,0,0,0,0,0,1,0,2,0,0.143,0.286,0.25
頓宮　裕真,オリックス,81,290,249,17,49,7,1,7,79,30,0,0,0,2,32,7,57,8,0.197,0.317,0.303
西野　真弘,オリックス,89,312,280,27,84,6,3,1,99,13,3,1,8,1,22,1,26,3,0.3,0.354,0.352
宗　佑磨,オリックス,97,322,289,15,68,12,2,1,87,22,3,2,11,2,14,6,31,8,0.235,0.301,0.283
野口　智哉,オリックス,12,30,27,4,3,1,0,1,7,1,0,1,0,0,1,2,10,0,0.111,0.259,0.2
大城　滉二,オリックス,7,18,13,3,4,1,0,0,5,2,0,0,3,0,0,2,1,0,0.308,0.385,0.4
紅林　弘太郎,オリックス,136,523,465,32,115,25,0,2,146,38,0,4,8,8,37,5,74,12,0.247,0.314,0.305
内藤　鵬,オリックス,7,21,20,0,2,1,0,0,3,0,0,0,0,0,0,1,9,0,0.1,0.15,0.143
廣岡　大志,オリックス,61,119,108,11,21,6,0,0,27,5,2,0,0,1,10,0,31,2,0.194,0.25,0.261
太田　椋,オリックス,91,369,333,39,96,16,3,6,136,40,4,3,4,4,27,1,66,10,0.288,0.408,0.34
横山　聖哉,オリックス,12,40,40,2,6,1,0,0,7,0,0,0,0,0,0,0,16,1,0.15,0.175,0.15
大里　昂生,オリックス,51,176,153,11,36,4,2,2,50,8,5,2,8,0,14,1,26,1,0.235,0.327,0.304
中川　圭太,オリックス,60,233,216,24,50,12,0,2,68,16,3,1,2,2,13,0,24,3,0.231,0.315,0.273
渡部　遼人,オリックス,65,81,66,6,12,2,0,0,14,7,4,5,8,0,6,1,10,0,0.182,0.212,0.26
西川　龍馬,オリックス,138,553,519,42,134,25,0,7,180,46,11,1,2,4,27,1,97,11,0.258,0.347,0.294
元　謙太,オリックス,5,8,8,0,1,0,0,0,1,0,0,0,0,0,0,0,3,0,0.125,0.125,0.125
杉澤　龍,オリックス,28,21,19,0,1,0,0,0,1,0,0,0,2,0,0,0,6,0,0.053,0.053,0.053
来田　涼斗,オリックス,54,189,170,14,36,7,2,2,53,11,4,4,7,0,10,2,49,4,0.212,0.312,0.264
池田　陵真,オリックス,8,23,23,0,4,0,0,0,4,0,0,0,0,0,0,0,4,1,0.174,0.174,0.174
佐野　皓大,オリックス,4,2,2,1,0,0,0,0,0,0,0,1,0,0,0,0,0,1,0.0,0.0,0.0
茶野　篤政,オリックス,16,57,52,6,14,2,1,0,18,6,5,0,1,1,3,0,13,0,0.269,0.346,0.304
福田　周平,オリックス,69,261,228,25,53,6,1,1,64,13,7,3,6,0,25,2,26,1,0.232,0.281,0.314
杉本　裕太郎,オリックス,82,239,219,17,51,7,0,11,91,27,1,0,0,1,15,4,56,5,0.233,0.416,0.293
宜保　翔,オリックス,22,14,12,2,3,0,0,0,3,0,1,0,0,0,2,0,3,0,0.25,0.25,0.357
古賀　悠斗,埼玉西武,105,279,246,16,56,3,1,3,70,12,0,0,13,0,20,0,58,8,0.228,0.285,0.286
炭谷　銀仁朗,埼玉西武,49,103,85,1,16,2,1,0,20,6,0,0,10,1,6,1,20,2,0.188,0.235,0.247
柘植　世那,埼玉西武,42,45,42,1,7,1,0,0,8,1,0,0,1,0,1,1,10,0,0.167,0.19,0.205
牧野　翔矢,埼玉西武,10,20,20,0,1,0,0,0,1,0,0,0,0,0,0,0,10,0,0.05,0.05,0.05
古市　尊,埼玉西武,6,6,6,0,0,0,0,0,0,0,1,0,0,0,0,0,0,0,0.0,0.0,0.0
仲田　慶介,福岡ソフトバンク,24,16,14,2,3,0,0,0,3,0,0,0,1,0,1,0,3,1,0.214,0.214,0.267
児玉　亮涼,埼玉西武,32,58,50,3,9,2,2,0,15,2,5,0,2,0,5,1,9,2,0.18,0.3,0.268
山野辺　翔,埼玉西武,50,90,80,10,17,3,1,0,22,0,6,1,5,0,5,0,17,1,0.213,0.275,0.259
外崎　修汰,埼玉西武,127,500,436,41,99,25,1,7,147,41,11,3,6,3,45,10,88,15,0.227,0.337,0.312
源田　壮亮,埼玉西武,143,577,522,41,138,15,7,3,176,21,12,4,20,2,32,1,75,4,0.264,0.337,0.307
佐藤　龍世,埼玉西武,93,345,295,25,72,20,1,7,115,34,0,4,3,6,37,4,70,10,0.244,0.39,0.33
元山　飛優,埼玉西武,33,81,77,2,11,2,0,1,16,7,0,0,1,0,2,1,21,2,0.143,0.208,0.175
山村　崇嘉,埼玉西武,58,223,201,14,44,5,1,2,57,23,1,2,3,4,13,2,38,2,0.219,0.284,0.268
セデーニョ,オリックス,98,334,304,29,79,9,0,15,133,37,0,2,0,2,23,5,97,15,0.26,0.438,0.32
髙松　渡,埼玉西武,35,6,6,7,0,0,0,0,0,0,8,2,0,0,0,0,4,0,0.0,0.0,0.0
中村　剛也,埼玉西武,58,205,188,13,36,13,0,7,70,14,1,0,0,1,14,2,55,3,0.191,0.372,0.254
滝澤　夏央,埼玉西武,68,137,118,15,22,1,2,0,27,4,3,1,10,0,8,1,30,0,0.186,0.229,0.244
渡部　健人,埼玉西武,11,38,33,0,1,0,0,0,1,0,0,0,0,0,5,0,18,0,0.03,0.03,0.158
野村　大樹,福岡ソフトバンク,2,2,2,0,0,0,0,0,0,0,0,0,0,0,0,0,0,0,0.0,0.0,0.0
野村　大樹,埼玉西武,57,204,178,15,40,10,4,5,73,22,1,1,1,3,19,3,44,6,0.225,0.41,0.305
村田　怜音,埼玉西武,4,13,13,0,3,0,0,0,3,1,0,0,0,0,0,0,4,0,0.231,0.231,0.231
栗山　巧,埼玉西武,60,154,124,8,28,7,1,1,40,12,0,0,0,2,26,2,23,1,0.226,0.323,0.364
蛭間　拓哉,埼玉西武,63,232,214,16,47,8,1,1,60,16,3,1,3,1,9,5,43,3,0.22,0.28,0.266
平沼　翔太,埼玉西武,45,144,132,12,35,9,0,0,44,9,0,0,2,0,8,2,23,2,0.265,0.333,0.317
松原　聖弥,読　売,9,16,13,1,2,0,0,0,2,2,0,0,0,0,3,0,5,0,0.154,0.154,0.313
松原　聖弥,埼玉西武,24,72,65,5,8,2,1,0,12,5,1,0,2,0,5,0,23,0,0.123,0.185,0.186
西川　愛也,埼玉西武,104,335,313,30,71,11,2,6,104,31,8,2,4,2,15,1,57,6,0.227,0.332,0.263
長谷川　信哉,埼玉西武,72,239,208,13,38,4,1,2,50,8,10,2,5,0,19,7,41,4,0.183,0.24,0.274
岸　潤一郎,埼玉西武,98,311,287,25,62,9,2,6,93,25,4,5,7,0,14,3,50,7,0.216,0.324,0.26
奥村　光一,埼玉西武,45,84,79,3,14,2,0,0,16,3,2,3,1,0,2,2,12,1,0.177,0.203,0.217
ガルシア,埼玉西武,19,69,61,3,8,5,0,1,16,4,0,0,0,0,7,1,26,2,0.131,0.262,0.232
松尾　汐恩,横浜DeNA,27,40,38,3,8,3,0,0,11,1,0,0,0,0,1,1,8,1,0.211,0.289,0.25
戸柱　恭孝,横浜DeNA,46,97,90,4,22,4,0,0,26,4,0,0,1,0,5,1,15,5,0.244,0.289,0.292
伊藤　光,横浜DeNA,39,94,88,7,18,4,0,1,25,14,0,0,0,0,4,2,24,1,0.205,0.284,0.255
山本　祐大,横浜DeNA,108,403,358,29,104,14,2,5,137,37,1,1,9,6,27,3,41,12,0.291,0.383,0.34
東妻　純平,横浜DeNA,3,2,2,0,1,1,0,0,2,1,0,0,0,0,0,0,0,0,0.5,1.0,0.5
林　琢真,横浜DeNA,63,114,102,11,17,5,1,0,24,7,6,3,2,1,8,1,24,2,0.167,0.235,0.232
牧　秀悟,横浜DeNA,133,561,517,76,152,33,0,23,254,74,11,0,0,2,37,5,59,13,0.294,0.491,0.346
オースティン,横浜DeNA,106,445,396,66,125,34,2,25,238,69,0,1,0,4,45,0,88,12,0.316,0.601,0.382
森　敬斗,横浜DeNA,71,200,187,16,47,12,1,0,61,5,8,6,0,1,12,0,43,4,0.251,0.326,0.295
京田　陽太,横浜DeNA,101,236,216,18,53,7,1,1,65,27,3,1,4,3,13,0,43,4,0.245,0.301,0.284
三森　大貴,福岡ソフトバンク,25,71,66,6,19,2,0,1,24,13,2,1,1,0,4,0,10,1,0.288,0.364,0.329
柴田　竜拓,横浜DeNA,82,34,23,4,6,0,0,0,6,2,1,0,7,0,3,1,7,0,0.261,0.261,0.37
石上　泰輝,横浜DeNA,26,79,71,3,13,4,0,0,17,3,2,0,2,0,6,0,17,3,0.183,0.239,0.247
宮﨑　敏郎,横浜DeNA,125,469,410,49,116,24,0,14,182,56,1,1,0,1,52,6,29,9,0.283,0.444,0.371
井上　絢登,横浜DeNA,25,48,42,2,8,5,0,0,13,4,1,0,2,0,2,2,8,1,0.19,0.31,0.261
知野　直人,横浜DeNA,24,22,18,3,2,1,0,0,3,2,1,0,0,0,4,0,4,1,0.111,0.167,0.273
桑原　将志,横浜DeNA,106,321,285,35,77,12,0,5,104,24,8,0,9,4,19,4,42,6,0.27,0.365,0.321
度会　隆輝,横浜DeNA,75,272,251,21,64,7,1,3,82,24,2,2,1,1,12,7,43,6,0.255,0.327,0.306
佐野　恵太,横浜DeNA,139,566,524,51,143,34,0,8,201,62,0,0,0,3,35,4,53,17,0.273,0.384,0.322
神里　和毅,横浜DeNA,25,25,23,3,3,0,0,0,3,0,2,0,0,0,1,1,12,0,0.13,0.13,0.2
筒香　嘉智,横浜DeNA,57,168,149,12,28,6,3,7,61,23,0,0,0,1,16,2,51,5,0.188,0.409,0.274
梶原　昂希,横浜DeNA,91,351,339,49,99,16,3,4,133,30,16,2,1,0,7,4,98,2,0.292,0.392,0.314
蝦名　達夫,横浜DeNA,76,253,223,28,57,13,0,3,79,17,3,7,6,1,17,6,51,1,0.256,0.354,0.324
関根　大気,横浜DeNA,79,142,128,14,29,2,0,0,31,4,2,3,1,0,11,2,19,2,0.227,0.242,0.298
